{"cameraMode":{"drawMode":0,"name":"Shaded","section":"Shading Mode"},"sceneLighting":true,"audioPlay":false,"sceneViewState":{"showFog":true,"showMaterialUpdate":false,"showSkybox":true,"showFlares":true,"showImageEffects":true,"showParticleSystems":true},"in2DMode":false,"pivot":{"x":-0.8600000143051148,"y":0.2800000011920929,"z":-1.5099999904632569},"rotation":{"x":0.25035953521728518,"y":0.2254640907049179,"z":-0.06007376313209534,"w":0.9396187663078308},"size":7.670793533325195,"orthographic":false}