{"cameraMode":{"drawMode":0,"name":"Shaded","section":"Shading Mode"},"sceneLighting":false,"audioPlay":false,"sceneViewState":{"showFog":true,"showMaterialUpdate":false,"showSkybox":false,"showFlares":true,"showImageEffects":true,"showParticleSystems":true},"in2DMode":false,"pivot":{"x":-0.0013244301080703736,"y":0.4158895015716553,"z":0.0},"rotation":{"x":0.010997802019119263,"y":0.9881494641304016,"z":-0.0855879858136177,"w":0.12697450816631318},"size":1.6639422178268433,"orthographic":false}