{"cameraMode":{"drawMode":0,"name":"Shaded","section":"Shading Mode"},"sceneLighting":false,"audioPlay":false,"sceneViewState":{"showFog":true,"showMaterialUpdate":false,"showSkybox":false,"showFlares":true,"showImageEffects":true,"showParticleSystems":true},"in2DMode":false,"pivot":{"x":-0.0026634037494659425,"y":0.0012631341814994813,"z":-0.08237573504447937},"rotation":{"x":0.1746835559606552,"y":0.21546873450279237,"z":-0.03920876607298851,"w":0.9599602818489075},"size":0.5033155083656311,"orthographic":true}