{"cameraMode":{"drawMode":0,"name":"Shaded","section":"Shading Mode"},"sceneLighting":false,"audioPlay":false,"sceneViewState":{"showFog":true,"showMaterialUpdate":false,"showSkybox":false,"showFlares":true,"showImageEffects":true,"showParticleSystems":true},"in2DMode":false,"pivot":{"x":0.6000000238418579,"y":0.44999998807907107,"z":-4.389999866485596},"rotation":{"x":0.17569570243358613,"y":0.31979426741600039,"z":-0.06047450378537178,"w":0.9290900826454163},"size":0.5836365818977356,"orthographic":false}