{"cameraMode":{"drawMode":0,"name":"Shaded","section":"Shading Mode"},"sceneLighting":false,"audioPlay":false,"sceneViewState":{"showFog":true,"showMaterialUpdate":false,"showSkybox":false,"showFlares":true,"showImageEffects":true,"showParticleSystems":true},"in2DMode":false,"pivot":{"x":-0.5,"y":0.1880999058485031,"z":0.00016678869724273682},"rotation":{"x":0.1258447766304016,"y":0.27587834000587466,"z":-0.03646136447787285,"w":0.9522232413291931},"size":1.1768351793289185,"orthographic":true}