{"cameraMode":{"drawMode":0,"name":"Shaded","section":"Shading Mode"},"sceneLighting":false,"audioPlay":false,"sceneViewState":{"showFog":true,"showMaterialUpdate":false,"showSkybox":false,"showFlares":true,"showImageEffects":true,"showParticleSystems":true},"in2DMode":false,"pivot":{"x":-0.09691261500120163,"y":0.45496538281440737,"z":0.05352021008729935},"rotation":{"x":0.014706077985465527,"y":0.9843124747276306,"z":-0.10015156120061875,"w":0.14453524351119996},"size":1.0676724910736085,"orthographic":false}