{"cameraMode":{"drawMode":0,"name":"Shaded","section":"Shading Mode"},"sceneLighting":false,"audioPlay":false,"sceneViewState":{"showFog":true,"showMaterialUpdate":false,"showSkybox":false,"showFlares":true,"showImageEffects":true,"showParticleSystems":true},"in2DMode":false,"pivot":{"x":-3.31499981880188,"y":0.0599999725818634,"z":1.5800000429153443},"rotation":{"x":0.09913453459739685,"y":-0.10873649269342423,"z":0.010898841544985772,"w":0.9890550971031189},"size":2.9376027584075929,"orthographic":true}