{"cameraMode":{"drawMode":0,"name":"Shaded","section":"Shading Mode"},"sceneLighting":false,"audioPlay":false,"sceneViewState":{"showFog":true,"showMaterialUpdate":false,"showSkybox":false,"showFlares":true,"showImageEffects":true,"showParticleSystems":true},"in2DMode":false,"pivot":{"x":1.75,"y":-3.7699999809265138,"z":-0.018433094024658204},"rotation":{"x":0.25035953521728518,"y":0.2254640907049179,"z":-0.06007376313209534,"w":0.9396187663078308},"size":0.583636462688446,"orthographic":false}