{"cameraMode":{"drawMode":0,"name":"Shaded","section":"Shading Mode"},"sceneLighting":true,"audioPlay":false,"sceneViewState":{"showFog":true,"showMaterialUpdate":false,"showSkybox":true,"showFlares":true,"showImageEffects":true,"showParticleSystems":true},"in2DMode":false,"pivot":{"x":192.76107788085938,"y":66.17654418945313,"z":0.0},"rotation":{"x":-0.10477213561534882,"y":0.025964558124542238,"z":-0.002737302565947175,"w":-0.9941576719284058},"size":220.0334014892578,"orthographic":true}