{"cameraMode":{"drawMode":0,"name":"Shaded","section":"Shading Mode"},"sceneLighting":true,"audioPlay":false,"sceneViewState":{"showFog":true,"showMaterialUpdate":false,"showSkybox":true,"showFlares":true,"showImageEffects":true,"showParticleSystems":true},"in2DMode":false,"pivot":{"x":3.790659189224243,"y":1.8190040588378907,"z":3.0589826107025148},"rotation":{"x":0.15874868631362916,"y":-0.30966952443122866,"z":0.0525195486843586,"w":0.9360260367393494},"size":4.413719177246094,"orthographic":true}