{"cameraMode":{"drawMode":0,"name":"Shaded","section":"Shading Mode"},"sceneLighting":true,"audioPlay":false,"sceneViewState":{"showFog":true,"showMaterialUpdate":false,"showSkybox":true,"showFlares":true,"showImageEffects":true,"showParticleSystems":true},"in2DMode":false,"pivot":{"x":0.0,"y":0.8363447785377502,"z":-0.3493458032608032},"rotation":{"x":0.0774918720126152,"y":-0.1044885516166687,"z":0.008166679181158543,"w":0.9914698004722595},"size":1.8968416452407838,"orthographic":true}