{"cameraMode":{"drawMode":0,"name":"Shaded","section":"Shading Mode"},"sceneLighting":false,"audioPlay":false,"sceneViewState":{"showFog":true,"showMaterialUpdate":false,"showSkybox":false,"showFlares":true,"showImageEffects":true,"showParticleSystems":true},"in2DMode":false,"pivot":{"x":0.9982831478118897,"y":0.15668387711048127,"z":-0.003938116133213043},"rotation":{"x":0.1258447766304016,"y":0.27587834000587466,"z":-0.03646136447787285,"w":0.9522232413291931},"size":0.7698264122009277,"orthographic":true}