{"cameraMode":{"drawMode":0,"name":"Shaded","section":"Shading Mode"},"sceneLighting":true,"audioPlay":false,"sceneViewState":{"showFog":true,"showMaterialUpdate":false,"showSkybox":true,"showFlares":true,"showImageEffects":true,"showParticleSystems":true},"in2DMode":false,"pivot":{"x":0.561789333820343,"y":-3.136138677597046,"z":1.5304371118545533},"rotation":{"x":0.09226645529270172,"y":0.0014935891376808286,"z":-0.00013838788436260074,"w":0.9957336187362671},"size":4.894623279571533,"orthographic":true}