{"cameraMode":{"drawMode":0,"name":"Shaded","section":"Shading Mode"},"sceneLighting":true,"audioPlay":false,"sceneViewState":{"showFog":true,"showMaterialUpdate":false,"showSkybox":true,"showFlares":true,"showImageEffects":true,"showParticleSystems":true},"in2DMode":false,"pivot":{"x":0.0,"y":0.6451408863067627,"z":-1.1920928955078126e-7},"rotation":{"x":0.06987285614013672,"y":-0.8684465885162354,"z":0.1280539333820343,"w":0.47384902834892275},"size":3.947462320327759,"orthographic":false}