{"cameraMode":{"drawMode":0,"name":"Shaded","section":"Shading Mode"},"sceneLighting":true,"audioPlay":false,"sceneViewState":{"showFog":true,"showMaterialUpdate":false,"showSkybox":true,"showFlares":true,"showImageEffects":true,"showParticleSystems":true},"in2DMode":false,"pivot":{"x":-0.21000003814697267,"y":-1.0299999713897706,"z":-0.019999980926513673},"rotation":{"x":0.6081909537315369,"y":0.04280712455511093,"z":-0.03287426382303238,"w":0.7919541597366333},"size":26.19525909423828,"orthographic":true}