{"cameraMode":{"drawMode":0,"name":"Shaded","section":"Shading Mode"},"sceneLighting":false,"audioPlay":false,"sceneViewState":{"showFog":true,"showMaterialUpdate":false,"showSkybox":false,"showFlares":true,"showImageEffects":true,"showParticleSystems":true},"in2DMode":false,"pivot":{"x":7.771682262420654,"y":1.8322378396987916,"z":-6.519366264343262},"rotation":{"x":0.0039055412635207178,"y":0.9454888105392456,"z":-0.011346696875989437,"w":0.32543832063674929},"size":9.68832015991211,"orthographic":true}