{"cameraMode":{"drawMode":0,"name":"Shaded","section":"Shading Mode"},"sceneLighting":false,"audioPlay":false,"sceneViewState":{"showFog":true,"showMaterialUpdate":false,"showSkybox":false,"showFlares":true,"showImageEffects":true,"showParticleSystems":true},"in2DMode":false,"pivot":{"x":0.5,"y":0.30000001192092898,"z":-0.006206803023815155},"rotation":{"x":0.1258447766304016,"y":0.27587834000587466,"z":-0.03646136447787285,"w":0.9522232413291931},"size":1.157264232635498,"orthographic":true}