{"cameraMode":{"drawMode":0,"name":"Shaded","section":"Shading Mode"},"sceneLighting":true,"audioPlay":false,"sceneViewState":{"showFog":true,"showMaterialUpdate":false,"showSkybox":true,"showFlares":true,"showImageEffects":true,"showParticleSystems":true},"in2DMode":false,"pivot":{"x":3.609673023223877,"y":1.8190035820007325,"z":3.138902425765991},"rotation":{"x":-0.13603536784648896,"y":-0.024361146613955499,"z":0.003346055280417204,"w":-0.990399181842804},"size":3.741089105606079,"orthographic":true}