{"cameraMode":{"drawMode":0,"name":"Shaded","section":"Shading Mode"},"sceneLighting":false,"audioPlay":false,"sceneViewState":{"showFog":true,"showMaterialUpdate":false,"showSkybox":false,"showFlares":true,"showImageEffects":true,"showParticleSystems":true},"in2DMode":false,"pivot":{"x":-1.7285386323928834,"y":-3.7699999809265138,"z":-0.018433094024658204},"rotation":{"x":0.22192111611366273,"y":-0.17154461145401,"z":0.03969527408480644,"w":0.9590359330177307},"size":0.583636462688446,"orthographic":false}