{"cameraMode":{"drawMode":0,"name":"Shaded","section":"Shading Mode"},"sceneLighting":false,"audioPlay":false,"sceneViewState":{"showFog":true,"showMaterialUpdate":false,"showSkybox":false,"showFlares":true,"showImageEffects":true,"showParticleSystems":true},"in2DMode":false,"pivot":{"x":3.394411563873291,"y":0.912662148475647,"z":-1.872753381729126},"rotation":{"x":0.46587249636650088,"y":0.2433527261018753,"z":-0.13497300446033479,"w":0.8399555683135986},"size":2.931629180908203,"orthographic":false}