{"cameraMode":{"drawMode":0,"name":"Shaded","section":"Shading Mode"},"sceneLighting":false,"audioPlay":false,"sceneViewState":{"showFog":true,"showMaterialUpdate":false,"showSkybox":false,"showFlares":true,"showImageEffects":true,"showParticleSystems":true},"in2DMode":false,"pivot":{"x":4.277888774871826,"y":0.07873283326625824,"z":-1.4695316553115845},"rotation":{"x":0.1012713685631752,"y":0.4861738085746765,"z":-0.056846629828214648,"w":0.8661109209060669},"size":9.611433029174805,"orthographic":false}