{"cameraMode":{"drawMode":0,"name":"Shaded","section":"Shading Mode"},"sceneLighting":true,"audioPlay":false,"sceneViewState":{"showFog":true,"showMaterialUpdate":false,"showSkybox":true,"showFlares":true,"showImageEffects":true,"showParticleSystems":true},"in2DMode":false,"pivot":{"x":3.4711813926696779,"y":0.28999996185302737,"z":1.2750940322875977},"rotation":{"x":0.6783321499824524,"y":0.11294760555028916,"z":-0.10668676346540451,"w":0.7181428074836731},"size":39.189632415771487,"orthographic":false}