{"cameraMode":{"drawMode":0,"name":"Shaded","section":"Shading Mode"},"sceneLighting":true,"audioPlay":false,"sceneViewState":{"showFog":true,"showMaterialUpdate":false,"showSkybox":true,"showFlares":true,"showImageEffects":true,"showParticleSystems":true},"in2DMode":false,"pivot":{"x":7.630000114440918,"y":4.610000133514404,"z":2.390000104904175},"rotation":{"x":-0.10477213561534882,"y":0.025964558124542238,"z":-0.002737302565947175,"w":-0.9941576719284058},"size":11.40605640411377,"orthographic":true}