{"cameraMode":{"drawMode":0,"name":"Shaded","section":"Shading Mode"},"sceneLighting":true,"audioPlay":false,"sceneViewState":{"showFog":true,"showMaterialUpdate":false,"showSkybox":true,"showFlares":true,"showImageEffects":true,"showParticleSystems":true},"in2DMode":false,"pivot":{"x":328.72344970703127,"y":24.542457580566408,"z":0.0},"rotation":{"x":-0.10477213561534882,"y":0.025964558124542238,"z":-0.002737302565947175,"w":-0.9941576719284058},"size":345.1696472167969,"orthographic":true}