{"cameraMode":{"drawMode":0,"name":"Shaded","section":"Shading Mode"},"sceneLighting":true,"audioPlay":false,"sceneViewState":{"showFog":true,"showMaterialUpdate":false,"showSkybox":true,"showFlares":true,"showImageEffects":true,"showParticleSystems":true},"in2DMode":false,"pivot":{"x":-2.5500001907348635,"y":0.38114070892333987,"z":1.359999656677246},"rotation":{"x":-0.08383477479219437,"y":-0.9088319540023804,"z":0.34301915764808657,"w":-0.22212105989456178},"size":27.06755828857422,"orthographic":true}