{"cameraMode":{"drawMode":0,"name":"Shaded","section":"Shading Mode"},"sceneLighting":false,"audioPlay":false,"sceneViewState":{"showFog":true,"showMaterialUpdate":false,"showSkybox":false,"showFlares":true,"showImageEffects":true,"showParticleSystems":true},"in2DMode":false,"pivot":{"x":-0.8949999809265137,"y":0.7610000371932983,"z":0.0009999871253967286},"rotation":{"x":-0.22537891566753388,"y":-0.1128121167421341,"z":0.02627839893102646,"w":-0.9673666954040527},"size":2.449559211730957,"orthographic":true}