{"cameraMode":{"drawMode":0,"name":"Shaded","section":"Shading Mode"},"sceneLighting":true,"audioPlay":false,"sceneViewState":{"showFog":true,"showMaterialUpdate":false,"showSkybox":true,"showFlares":true,"showImageEffects":true,"showParticleSystems":true},"in2DMode":false,"pivot":{"x":3.0000009536743166,"y":3.138843059539795,"z":1.0000004768371583},"rotation":{"x":-0.10477213561534882,"y":0.025964558124542238,"z":-0.002737302565947175,"w":-0.9941576719284058},"size":22.0,"orthographic":true}