{"cameraMode":{"drawMode":0,"name":"Shaded","section":"Shading Mode"},"sceneLighting":true,"audioPlay":false,"sceneViewState":{"showFog":true,"showMaterialUpdate":false,"showSkybox":true,"showFlares":true,"showImageEffects":true,"showParticleSystems":true},"in2DMode":false,"pivot":{"x":-0.27533432841300967,"y":-0.2399776726961136,"z":0.2930060029029846},"rotation":{"x":0.0794418677687645,"y":0.7277014851570129,"z":-0.08553176373243332,"w":0.6758887767791748},"size":3.373321533203125,"orthographic":true}