{"cameraMode":{"drawMode":0,"name":"Shaded","section":"Shading Mode"},"sceneLighting":true,"audioPlay":false,"sceneViewState":{"showFog":true,"showMaterialUpdate":true,"showSkybox":true,"showFlares":true,"showImageEffects":true,"showParticleSystems":true},"in2DMode":false,"pivot":{"x":3.4414615631103517,"y":-4.0105438232421879,"z":-2.9284331798553469},"rotation":{"x":0.05952858179807663,"y":0.9250054955482483,"z":-0.3380707800388336,"w":0.16287794709205628},"size":7.99412202835083,"orthographic":true}