{"cameraMode":{"drawMode":0,"name":"Shaded","section":"Shading Mode"},"sceneLighting":false,"audioPlay":false,"sceneViewState":{"showFog":true,"showMaterialUpdate":true,"showSkybox":false,"showFlares":true,"showImageEffects":true,"showParticleSystems":true},"in2DMode":false,"pivot":{"x":0.0014614462852478028,"y":-0.010543689131736756,"z":0.0015668869018554688},"rotation":{"x":0.4866844713687897,"y":0.05496509373188019,"z":-0.03070180118083954,"w":0.871306300163269},"size":4.4623870849609379,"orthographic":false}