{"cameraMode":{"drawMode":0,"name":"Shaded","section":"Shading Mode"},"sceneLighting":true,"audioPlay":false,"sceneViewState":{"showFog":true,"showMaterialUpdate":true,"showSkybox":true,"showFlares":true,"showImageEffects":true,"showParticleSystems":true},"in2DMode":false,"pivot":{"x":232.92352294921876,"y":246.4957275390625,"z":-15.0625638961792},"rotation":{"x":0.005261543672531843,"y":0.9904725551605225,"z":-0.03953908011317253,"w":0.13180594146251679},"size":425.3245849609375,"orthographic":true}