{"cameraMode":{"drawMode":0,"name":"Shaded","section":"Shading Mode"},"sceneLighting":true,"audioPlay":false,"sceneViewState":{"showFog":true,"showMaterialUpdate":true,"showSkybox":true,"showFlares":true,"showImageEffects":true,"showParticleSystems":true},"in2DMode":false,"pivot":{"x":-0.7777201533317566,"y":0.36037003993988039,"z":-1.5808545351028443},"rotation":{"x":-0.12837092578411103,"y":-0.13256724178791047,"z":0.0173147264868021,"w":-0.9826787114143372},"size":2.388763904571533,"orthographic":true}