{"cameraMode":{"drawMode":0,"name":"Shaded","section":"Shading Mode"},"sceneLighting":true,"audioPlay":false,"sceneViewState":{"showFog":true,"showMaterialUpdate":true,"showSkybox":true,"showFlares":true,"showImageEffects":true,"showParticleSystems":true},"in2DMode":false,"pivot":{"x":-0.7777201533317566,"y":0.36037003993988039,"z":-1.5808545351028443},"rotation":{"x":0.10834778845310211,"y":-0.32472482323646548,"z":0.0374753475189209,"w":0.9388372302055359},"size":3.6914260387420656,"orthographic":true}