{"cameraMode":{"drawMode":0,"name":"Shaded","section":"Shading Mode"},"sceneLighting":false,"audioPlay":false,"sceneViewState":{"showFog":true,"showMaterialUpdate":true,"showSkybox":false,"showFlares":true,"showImageEffects":true,"showParticleSystems":true},"in2DMode":false,"pivot":{"x":0.8899999856948853,"y":0.2800000011920929,"z":-1.5099999904632569},"rotation":{"x":0.018522102385759355,"y":0.09225933253765106,"z":0.0017150238854810596,"w":-0.9955663084983826},"size":0.583636462688446,"orthographic":true}