{"cameraMode":{"drawMode":0,"name":"Shaded","section":"Shading Mode"},"sceneLighting":true,"audioPlay":false,"sceneViewState":{"showFog":true,"showMaterialUpdate":true,"showSkybox":true,"showFlares":true,"showImageEffects":true,"showParticleSystems":true},"in2DMode":false,"pivot":{"x":1.0987212657928467,"y":-0.4101126194000244,"z":-0.92850261926651},"rotation":{"x":0.24104799330234528,"y":-0.6529232263565064,"z":0.23155878484249116,"w":0.6796838641166687},"size":6.612929344177246,"orthographic":false}