{"cameraMode":{"drawMode":0,"name":"Shaded","section":"Shading Mode"},"sceneLighting":false,"audioPlay":false,"sceneViewState":{"showFog":true,"showMaterialUpdate":true,"showSkybox":false,"showFlares":true,"showImageEffects":true,"showParticleSystems":true},"in2DMode":false,"pivot":{"x":1.75,"y":-3.7699999809265138,"z":-0.018433094024658204},"rotation":{"x":0.2893526554107666,"y":0.5705102682113648,"z":-0.22456805408000947,"w":0.7350941300392151},"size":0.583636462688446,"orthographic":true}