{"cameraMode":{"drawMode":0,"name":"Shaded","section":"Shading Mode"},"sceneLighting":true,"audioPlay":false,"sceneViewState":{"showFog":true,"showMaterialUpdate":true,"showSkybox":true,"showFlares":true,"showImageEffects":true,"showParticleSystems":true},"in2DMode":false,"pivot":{"x":-0.23000000417232514,"y":1.340000033378601,"z":-1.0859999656677247},"rotation":{"x":0.019679337739944459,"y":-0.9717744588851929,"z":0.21813417971134187,"w":0.08767394721508026},"size":8.22601318359375,"orthographic":false}