{"cameraMode":{"drawMode":0,"name":"Shaded","section":"Shading Mode"},"sceneLighting":false,"audioPlay":false,"sceneViewState":{"showFog":true,"showMaterialUpdate":true,"showSkybox":false,"showFlares":true,"showImageEffects":true,"showParticleSystems":true},"in2DMode":false,"pivot":{"x":0.0014614462852478028,"y":-0.010543689131736756,"z":0.0015668869018554688},"rotation":{"x":0.053589120507240298,"y":0.9444274306297302,"z":-0.25864455103874209,"w":0.1956774890422821},"size":2.900580406188965,"orthographic":false}