{"cameraMode":{"drawMode":0,"name":"Shaded","section":"Shading Mode"},"sceneLighting":true,"audioPlay":false,"sceneViewState":{"showFog":true,"showMaterialUpdate":true,"showSkybox":true,"showFlares":true,"showImageEffects":true,"showParticleSystems":true},"in2DMode":false,"pivot":{"x":-0.8585385680198669,"y":-0.010543689131736756,"z":1.4915668964385987},"rotation":{"x":0.5186362862586975,"y":0.06272293627262116,"z":-0.03818856552243233,"w":0.8518355488777161},"size":3.7318811416625978,"orthographic":true}