{"cameraMode":{"drawMode":0,"name":"Shaded","section":"Shading Mode"},"sceneLighting":false,"audioPlay":false,"sceneViewState":{"showFog":true,"showMaterialUpdate":true,"showSkybox":false,"showFlares":true,"showImageEffects":true,"showParticleSystems":true},"in2DMode":false,"pivot":{"x":-0.8949999809265137,"y":0.3799999952316284,"z":0.0009999871253967286},"rotation":{"x":0.412104070186615,"y":-0.5517483949661255,"z":0.36188367009162905,"w":0.628320038318634},"size":2.4495584964752199,"orthographic":true}