{"cameraMode":{"drawMode":0,"name":"Shaded","section":"Shading Mode"},"sceneLighting":true,"audioPlay":false,"sceneViewState":{"showFog":true,"showMaterialUpdate":true,"showSkybox":true,"showFlares":true,"showImageEffects":true,"showParticleSystems":true},"in2DMode":false,"pivot":{"x":1.5303012132644654,"y":2.5962817668914797,"z":-0.44316983222961428},"rotation":{"x":0.0010329072829335929,"y":-0.7251101732254028,"z":-0.0010877549648284913,"w":-0.6886326670646668},"size":3.312506675720215,"orthographic":true}