{"cameraMode":{"drawMode":0,"name":"Shaded","section":"Shading Mode"},"sceneLighting":false,"audioPlay":false,"sceneViewState":{"showFog":true,"showMaterialUpdate":true,"showSkybox":false,"showFlares":true,"showImageEffects":true,"showParticleSystems":true},"in2DMode":false,"pivot":{"x":0.0014614462852478028,"y":-0.010543689131736756,"z":0.0015668869018554688},"rotation":{"x":0.06382475793361664,"y":-0.5848929286003113,"z":0.046242792159318927,"w":0.8072723150253296},"size":4.4623870849609379,"orthographic":false}