{"cameraMode":{"drawMode":0,"name":"Shaded","section":"Shading Mode"},"sceneLighting":false,"audioPlay":false,"sceneViewState":{"showFog":true,"showMaterialUpdate":true,"showSkybox":false,"showFlares":true,"showImageEffects":true,"showParticleSystems":true},"in2DMode":false,"pivot":{"x":0.0014614462852478028,"y":-0.010543689131736756,"z":0.0015668869018554688},"rotation":{"x":0.0738510936498642,"y":0.9105275273323059,"z":-0.18581485748291017,"w":0.36188364028930666},"size":4.400580406188965,"orthographic":false}