{"cameraMode":{"drawMode":0,"name":"Shaded","section":"Shading Mode"},"sceneLighting":false,"audioPlay":false,"sceneViewState":{"showFog":true,"showMaterialUpdate":true,"showSkybox":false,"showFlares":true,"showImageEffects":true,"showParticleSystems":true},"in2DMode":false,"pivot":{"x":-0.7846288681030273,"y":0.22918614745140077,"z":-0.220732182264328},"rotation":{"x":-0.021960359066724778,"y":-0.8099227547645569,"z":0.030386777594685556,"w":-0.5853396058082581},"size":5.24017858505249,"orthographic":true}