{"cameraMode":{"drawMode":0,"name":"Shaded","section":"Shading Mode"},"sceneLighting":true,"audioPlay":false,"sceneViewState":{"showFog":true,"showMaterialUpdate":true,"showSkybox":true,"showFlares":true,"showImageEffects":true,"showParticleSystems":true},"in2DMode":false,"pivot":{"x":-5.65009880065918,"y":-3.3953845500946047,"z":-4.205102443695068},"rotation":{"x":-0.1391173154115677,"y":0.8552800416946411,"z":-0.2961212992668152,"w":-0.4018142819404602},"size":7.476344108581543,"orthographic":true}