{"cameraMode":{"drawMode":0,"name":"Shaded","section":"Shading Mode"},"sceneLighting":true,"audioPlay":false,"sceneViewState":{"showFog":true,"showMaterialUpdate":true,"showSkybox":true,"showFlares":true,"showImageEffects":true,"showParticleSystems":true},"in2DMode":false,"pivot":{"x":1.0987212657928467,"y":-0.4101126194000244,"z":-0.92850261926651},"rotation":{"x":-0.25862163305282595,"y":-0.5900132060050964,"z":0.2072559893131256,"w":-0.7362372875213623},"size":6.214095592498779,"orthographic":false}