{"cameraMode":{"drawMode":0,"name":"Shaded","section":"Shading Mode"},"sceneLighting":true,"audioPlay":false,"sceneViewState":{"showFog":true,"showMaterialUpdate":true,"showSkybox":true,"showFlares":true,"showImageEffects":true,"showParticleSystems":true},"in2DMode":false,"pivot":{"x":-1.7285386323928834,"y":-0.7105465531349182,"z":-0.018433094024658204},"rotation":{"x":0.20699256658554078,"y":0.0014676859136670828,"z":-0.0003103081835433841,"w":0.9783425331115723},"size":6.623306751251221,"orthographic":true}